10034;metano
10139;metano
10166;metano
10188;metano
10194;metano
10220;metano
10221;metano
10222;metano
10289;metano
10338;metano
10350;metano
10376;metano
10409;metano
10428;metano
10493;metano
10553;metano
10573;metano
10576;metano
10677;metano
10824;metano
10836;metano
10837;metano
10852;metano
10853;metano
10898;metano
10937;metano
10967;metano
10976;metano
11050;metano
11077;metano
11118;metano
11128;metano
11143;metano
11147;metano
11157;metano
11164;metano
11194;metano
11208;metano
11230;metano
11302;metano
11304;metano
11325;metano
11331;metano
11370;metano
11377;metano
11428;metano
11566;metano
11753;metano
12031;metano
12051;metano
12052;metano
12100;metano
12145;metano
12173;metano
12297;metano
12301;metano
12324;metano
12368;metano
12378;metano
12412;metano
12492;metano
12527;metano
12529;metano
12577;metano
12613;metano
12635;metano
12648;metano
12730;metano
12775;metano
12874;metano
12893;metano
12915;metano
12930;metano
12936;metano
12959;metano
12969;metano
12971;metano
12990;metano
12994;metano
13076;metano
13078;metano
13088;metano
13089;metano
13096;metano
13100;metano
13116;metano
13137;metano
13139;metano
13148;metano
13243;metano
13303;metano
13383;metano
13397;metano
13408;metano
13527;metano
13539;metano
13544;metano
13546;metano
13554;metano
13590;metano
13622;metano
13642;metano
13645;metano
13739;metano
13767;metano
13859;metano
13940;metano
14033;metano
14045;metano
14068;metano
14165;metano
14180;metano
14304;metano
14351;metano
14399;metano
14407;metano
14468;metano
14481;metano
14482;metano
14485;metano
14486;metano
14499;metano
14517;metano
14547;metano
14567;metano
14596;metano
14612;metano
14618;metano
14651;metano
14658;metano
14682;metano
14699;metano
14707;metano
14725;metano
14752;metano
14803;metano
14814;metano
14815;metano
14913;metano
14932;metano
14936;metano
14975;metano
15012;metano
15051;metano
15100;metano
15101;metano
15139;metano
15144;metano
15275;metano
15311;metano
15358;metano
15360;metano
15386;metano
15494;metano
15498;metano
15525;metano
15533;metano
15575;metano
15646;metano
15720;metano
15753;metano
15789;metano
15810;metano
15843;metano
15853;metano
15984;metano
15985;metano
16008;metano
16018;metano
16223;metano
16271;metano
16447;metano
16464;metano
16477;metano
16488;metano
16507;metano
16512;metano
16526;metano
16582;metano
16644;metano
16693;metano
16694;metano
16720;metano
16797;metano
16836;metano
16934;metano
16962;metano
17020;metano
17027;metano
17036;metano
17041;metano
17109;metano
17160;metano
17190;metano
17192;metano
17193;metano
17194;metano
17271;metano
17290;metano
17430;metano
17455;metano
17475;metano
17496;metano
17499;metano
17501;metano
17546;metano
17555;metano
17573;metano
17580;metano
17609;metano
17639;metano
17713;metano
17735;metano
17801;metano
17813;metano
17914;metano
17927;metano
17957;metano
17984;metano
18007;metano
18012;metano
18014;metano
18044;metano
18088;metano
18128;metano
18222;metano
18267;metano
18331;metano
18372;metano
18398;metano
18452;metano
18453;metano
18489;metano
18491;metano
18569;metano
18650;metano
18673;metano
18683;metano
18803;metano
18845;metano
18955;metano
18971;metano
19197;metano
19266;metano
19267;metano
19271;metano
19287;metano
19421;metano
19441;metano
19450;metano
19477;metano
19588;metano
19687;metano
19748;metano
19754;metano
19835;metano
19842;metano
19890;metano
19899;metano
19900;metano
19961;metano
19985;metano
20076;metano
20209;metano
20247;metano
20257;metano
20281;metano
20338;metano
20343;metano
20567;metano
20666;metano
20734;metano
20762;metano
20836;metano
20989;metano
21063;metano
21113;metano
21119;metano
21123;metano
21151;metano
21189;metano
21215;metano
21229;metano
21241;metano
21329;metano
21334;metano
21343;metano
21418;metano
21429;metano
21497;metano
21504;metano
21515;metano
21740;metano
21747;metano
21762;metano
21779;metano
21883;metano
21937;metano
21949;metano
22042;metano
22161;metano
22212;metano
22317;metano
22318;metano
22329;metano
22367;metano
22384;metano
22385;metano
22397;metano
22415;metano
22417;metano
22419;metano
22537;metano
22565;metano
22581;metano
22602;metano
22616;metano
22672;metano
22749;metano
22755;metano
22857;metano
22861;metano
22908;metano
22934;metano
22970;metano
23017;metano
23080;metano
23189;metano
23210;metano
23216;metano
23248;metano
23293;metano
23311;metano
23317;metano
23326;metano
23332;metano
23360;metano
23397;metano
23471;metano
23490;metano
23495;metano
23544;metano
23564;metano
23573;metano
23656;metano
23671;metano
23784;metano
23801;metano
23813;metano
24056;metano
24113;metano
24247;metano
24279;metano
24292;metano
24317;metano
24338;metano
24354;metano
24420;metano
24441;metano
24458;metano
24497;metano
24528;metano
24566;metano
24601;metano
24614;metano
24663;metano
24680;metano
24692;metano
24752;metano
24753;metano
24803;metano
24829;metano
24850;metano
24858;metano
24876;metano
24952;metano
24957;metano
24958;metano
24972;metano
24976;metano
24977;metano
24999;metano
25209;metano
25261;metano
25277;metano
25351;metano
25444;metano
25467;metano
25622;metano
25623;metano
25626;metano
25628;metano
25733;metano
25736;metano
25737;metano
25742;metano
25744;metano
25852;metano
25881;metano
25938;metano
26055;metano
26177;metano
26315;metano
26327;metano
26368;metano
26399;metano
26414;metano
26444;metano
26454;metano
26486;metano
26612;metano
26699;metano
26712;metano
26758;metano
26772;metano
26865;metano
26986;metano
26988;metano
27008;metano
27039;metano
27092;metano
27108;metano
27115;metano
27136;metano
27143;metano
27166;metano
27180;metano
27183;metano
27285;metano
27391;metano
27437;metano
27468;metano
27470;metano
27471;metano
27565;metano
27576;metano
27599;metano
27629;metano
27630;metano
27633;metano
27752;metano
27889;metano
27914;metano
27960;metano
28145;metano
28214;metano
28253;metano
28347;metano
28398;metano
28406;metano
28450;metano
28454;metano
28491;metano
28503;metano
28508;metano
28520;metano
28521;metano
28573;metano
28588;metano
28605;metano
28625;metano
28626;metano
28665;metano
28731;metano
28738;metano
28889;metano
28895;metano
28904;metano
28937;metano
28990;metano
29019;metano
29028;metano
29098;metano
29123;metano
29149;metano
29185;metano
29210;metano
29220;metano
29229;metano
29245;metano
29246;metano
29254;metano
29343;metano
29475;metano
29555;metano
29574;metano
29597;metano
29632;metano
29685;metano
29714;metano
29769;metano
29799;metano
29808;metano
29850;metano
29866;metano
29884;metano
29904;metano
30009;metano
30010;metano
30080;metano
30102;metano
30138;metano
30163;metano
30174;metano
30204;metano
30206;metano
30212;metano
30229;metano
30254;metano
30257;metano
30258;metano
30276;metano
30277;metano
30278;metano
30331;metano
30354;metano
30384;metano
30391;metano
30405;metano
30411;metano
30417;metano
30420;metano
30425;metano
30427;metano
30432;metano
30448;metano
30488;metano
30496;metano
30503;metano
30514;metano
30516;metano
30524;metano
30544;metano
30595;metano
30597;metano
30604;metano
30637;metano
30639;metano
30666;metano
30721;metano
30729;metano
30733;metano
30734;metano
30746;metano
30773;metano
30801;metano
30863;metano
30890;metano
30892;metano
30895;metano
30896;metano
30901;metano
30915;metano
30973;metano
31014;metano
31050;metano
31162;metano
31237;metano
31320;metano
31364;metano
31395;metano
31448;metano
31452;metano
31459;metano
31524;metano
31528;metano
31539;metano
31543;metano
31670;metano
31687;metano
31779;metano
31805;metano
31879;metano
31916;metano
31936;metano
32024;metano
32029;metano
32042;metano
32098;metano
32112;metano
32114;metano
32164;metano
32165;metano
32251;metano
32253;metano
32264;metano
32338;metano
32370;metano
32389;metano
32391;metano
32399;metano
32427;metano
32447;metano
32476;metano
32484;metano
32503;metano
32528;metano
32663;metano
32683;metano
32714;metano
32744;metano
32772;metano
32800;metano
32823;metano
32892;metano
32902;metano
33005;metano
33028;metano
33130;metano
33202;metano
33204;metano
33305;metano
33351;metano
33360;metano
33361;metano
33391;metano
33435;metano
33473;metano
33505;metano
33529;metano
33534;metano
33558;metano
33604;metano
33640;metano
33652;metano
33690;metano
33756;metano
33790;metano
33846;metano
33852;metano
33960;metano
33993;metano
34076;metano
34114;metano
34185;metano
34229;metano
34236;metano
34239;metano
34256;metano
34319;metano
34344;metano
34370;metano
34384;metano
34443;metano
34454;metano
34523;metano
34559;metano
34584;metano
34587;metano
34605;metano
34618;metano
3464;metano
34658;metano
3467;metano
34674;metano
34685;metano
34686;metano
34697;metano
34709;metano
3471;metano
3473;metano
34747;metano
34761;metano
34776;metano
34781;metano
34799;metano
34815;metano
3482;metano
34871;metano
34904;metano
34925;metano
34929;metano
3493;metano
34937;metano
34939;metano
34941;metano
34951;metano
34953;metano
34971;metano
3500;metano
3503;metano
35094;metano
35106;metano
35216;metano
35217;metano
35227;metano
35257;metano
35303;metano
35308;metano
35318;metano
35359;metano
35377;metano
35394;metano
35403;metano
35428;metano
35444;metano
35459;metano
35511;metano
35518;metano
35525;metano
35527;metano
35548;metano
35549;metano
35564;metano
35600;metano
35632;metano
35667;metano
3568;metano
35724;metano
35729;metano
35823;metano
35883;metano
35919;metano
35936;metano
3594;metano
35949;metano
3598;metano
35989;metano
35991;metano
36006;metano
36080;metano
36081;metano
3616;metano
36174;metano
3618;metano
36194;metano
36254;metano
3626;metano
36285;metano
36300;metano
3631;metano
36326;metano
36348;metano
36386;metano
36413;metano
36427;metano
36443;metano
36460;metano
36471;metano
36518;metano
36521;metano
36584;metano
36602;metano
36614;metano
36629;metano
36645;metano
36650;metano
36674;metano
3668;metano
36706;metano
36731;metano
36757;metano
36769;metano
3679;metano
36803;metano
36827;metano
36913;metano
36963;metano
37025;metano
3704;metano
3708;metano
37083;metano
37097;metano
37101;metano
3711;metano
37117;metano
3714;metano
3717;metano
37249;metano
3727;metano
3729;metano
37290;metano
37307;metano
37314;metano
37330;metano
37335;metano
37350;metano
37353;metano
37370;metano
37386;metano
3762;metano
37626;metano
37628;metano
37638;metano
37641;metano
37669;metano
37696;metano
37700;metano
37723;metano
37729;metano
37733;metano
37734;metano
37736;metano
3774;metano
37781;metano
37791;metano
37821;metano
37824;metano
37829;metano
37859;metano
37864;metano
37866;metano
37873;metano
37896;metano
37909;metano
37961;metano
37981;metano
38030;metano
38037;metano
38046;metano
38075;metano
38096;metano
38098;metano
38145;metano
38154;metano
38161;metano
38206;metano
38305;metano
3835;metano
38354;metano
38418;metano
38421;metano
38452;metano
38490;metano
38506;metano
38517;metano
38526;metano
3853;metano
38530;metano
38586;metano
38589;metano
38601;metano
38602;metano
3861;metano
38614;metano
3862;metano
38653;metano
38724;metano
38727;metano
3887;metano
38896;metano
38912;metano
3894;metano
38946;metano
38986;metano
39000;metano
39025;metano
3906;metano
39067;metano
3907;metano
39070;metano
39093;metano
39097;metano
39104;metano
39141;metano
39211;metano
3927;metano
39273;metano
39279;metano
3928;metano
39308;metano
39319;metano
39324;metano
39364;metano
39373;metano
39444;metano
39464;metano
39478;metano
39488;metano
39489;metano
39494;metano
39581;metano
39620;metano
39633;metano
39642;metano
39662;metano
39720;metano
39733;metano
39760;metano
39839;metano
39844;metano
3987;metano
39949;metano
39955;metano
39971;metano
40025;metano
40032;metano
40033;metano
40034;metano
4005;metano
40050;metano
40051;metano
4006;metano
40061;metano
4007;metano
4008;metano
40088;metano
4009;metano
40096;metano
4010;metano
40104;metano
4011;metano
40110;metano
40132;metano
40160;metano
40177;metano
40179;metano
40203;metano
4027;metano
4028;metano
40288;metano
40289;metano
40295;metano
40302;metano
4032;metano
40321;metano
4036;metano
40367;metano
40370;metano
40442;metano
40460;metano
40514;metano
40563;metano
40574;metano
40577;metano
40585;metano
40588;metano
4064;metano
40678;metano
40681;metano
40698;metano
40706;metano
40718;metano
40719;metano
40735;metano
40736;metano
4074;metano
40742;metano
40744;metano
40760;metano
40761;metano
4077;metano
40782;metano
40793;metano
40799;metano
4080;metano
40800;metano
40804;metano
40806;metano
40812;metano
4082;metano
40849;metano
40867;metano
40874;metano
40877;metano
40878;metano
40892;metano
40894;metano
40908;metano
40921;metano
40945;metano
40950;metano
40957;metano
40979;metano
41051;metano
41058;metano
41071;metano
4109;metano
41092;metano
41146;metano
41187;metano
41226;metano
41259;metano
4127;metano
4142;metano
4185;metano
4194;metano
4214;metano
4218;metano
4221;metano
4246;metano
4252;metano
4254;metano
4265;metano
4271;metano
4280;metano
4311;metano
4312;metano
4313;metano
4319;metano
4330;metano
4335;metano
4337;metano
4339;metano
4354;metano
4365;metano
4366;metano
4371;metano
4377;metano
4379;metano
4387;metano
4390;metano
4413;metano
4414;metano
4425;metano
4441;metano
4443;metano
4485;metano
4494;metano
4495;metano
4523;metano
4524;metano
4526;metano
4532;metano
4535;metano
4536;metano
4550;metano
4551;metano
4552;metano
4553;metano
4554;metano
4565;metano
4568;metano
4578;metano
4593;metano
4602;metano
4603;metano
4605;metano
4610;metano
4618;metano
4619;metano
4628;metano
4634;metano
4635;metano
4663;metano
4681;metano
4716;metano
4720;metano
4741;metano
4742;metano
4750;metano
4754;metano
4756;metano
4770;metano
4772;metano
4773;metano
4775;metano
4792;metano
4805;metano
4806;metano
4809;metano
4815;metano
4822;metano
4825;metano
4827;metano
4830;metano
4838;metano
4839;metano
4846;metano
4860;metano
4861;metano
4862;metano
4863;metano
4872;metano
4885;metano
4902;metano
4905;metano
4906;metano
4918;metano
4932;metano
4948;metano
4950;metano
4954;metano
4958;metano
4959;metano
4961;metano
4969;metano
4973;metano
4981;metano
4984;metano
4990;metano
4995;metano
5006;metano
5011;metano
5021;metano
5032;metano
5033;metano
5034;metano
5046;metano
5062;metano
5063;metano
5064;metano
5065;metano
5067;metano
5068;metano
5119;metano
5125;metano
5153;metano
5154;metano
5156;metano
5157;metano
5163;metano
5168;metano
5175;metano
5182;metano
5195;metano
5200;metano
5203;metano
5205;metano
5206;metano
5208;metano
5212;metano
5231;metano
5237;metano
5242;metano
5251;metano
5263;metano
5266;metano
5267;metano
5268;metano
5273;metano
5274;metano
5275;metano
5285;metano
5286;metano
5288;metano
5291;metano
5295;metano
5301;metano
5303;metano
5311;metano
5317;metano
5319;metano
5330;metano
5333;metano
5355;metano
5366;metano
5368;metano
5375;metano
5380;metano
5381;metano
5385;metano
5425;metano
5428;metano
5439;metano
5443;metano
5454;metano
5581;metano
5586;metano
5592;metano
5603;metano
5612;metano
5613;metano
5626;metano
5643;metano
5654;metano
5687;metano
5706;metano
5727;metano
5737;metano
5755;metano
5761;metano
5883;metano
5947;metano
5964;metano
5979;metano
5998;metano
6003;metano
6020;metano
6032;metano
6050;metano
6071;metano
6100;metano
6114;metano
6145;metano
6176;metano
6178;metano
6222;metano
6274;metano
6337;metano
6340;metano
6369;metano
6550;metano
6605;metano
6844;metano
6888;metano
6911;metano
6937;metano
6939;metano
6960;metano
7046;metano
7081;metano
7108;metano
7109;metano
7112;metano
7277;metano
7288;metano
7290;metano
7295;metano
7454;metano
7489;metano
7526;metano
7838;metano
7860;metano
7923;metano
7929;metano
8082;metano
8097;metano
8099;metano
8174;metano
8176;metano
8239;metano
8259;metano
8297;metano
8344;metano
8349;metano
8377;metano
8378;metano
8413;metano
8524;metano
8566;metano
8599;metano
8651;metano
8669;metano
8690;metano
9127;metano
9177;metano
9216;metano
9252;metano
9488;metano
9585;metano
9630;metano
9667;metano
9738;metano
9803;metano
9947;metano
9976;metano
9985;metano
